{
    "type": "crafting_shapeless",
    "ingredients": [
        [
            {
                "item": "red_bed"
            },
            {
                "item": "orange_bed"
            },
            {
                "item": "yellow_bed"
            },
            {
                "item": "lime_bed"
            },
            {
                "item": "green_bed"
            },
            {
                "item": "cyan_bed"
            },
            {
                "item": "light_blue_bed"
            },
            {
                "item": "blue_bed"
            },
            {
                "item": "purple_bed"
            },
            {
                "item": "magenta_bed"
            },
            {
                "item": "pink_bed"
            },
            {
                "item": "brown_bed"
            },
            {
                "item": "black_bed"
            },
            {
                "item": "gray_bed"
            },
            {
                "item": "light_gray_bed"
            },
            {
                "item": "white_bed"
            }
        ],
        {
            "tag": "universal_dyeing:dyes/blue_dye"
        }
    ],
    "result": {
        "id": "blue_bed",
        "count": 1
    },
    "group": "universal_dyeing_bed"
}