{
    "type": "crafting_shaped",
    "pattern": [
        "###",
        "#O#",
        "###"
    ],
    "key": {
        "#": [
            {
                "item": "red_glazed_terracotta"
            },
            {
                "item": "orange_glazed_terracotta"
            },
            {
                "item": "yellow_glazed_terracotta"
            },
            {
                "item": "lime_glazed_terracotta"
            },
            {
                "item": "green_glazed_terracotta"
            },
            {
                "item": "cyan_glazed_terracotta"
            },
            {
                "item": "light_blue_glazed_terracotta"
            },
            {
                "item": "blue_glazed_terracotta"
            },
            {
                "item": "purple_glazed_terracotta"
            },
            {
                "item": "magenta_glazed_terracotta"
            },
            {
                "item": "pink_glazed_terracotta"
            },
            {
                "item": "brown_glazed_terracotta"
            },
            {
                "item": "black_glazed_terracotta"
            },
            {
                "item": "gray_glazed_terracotta"
            },
            {
                "item": "light_gray_glazed_terracotta"
            },
            {
                "item": "white_glazed_terracotta"
            }
        ],
        "O": {
            "tag": "universal_dyeing:dyes/cyan_dye"
        }
    },
    "result": {
        "id": "cyan_glazed_terracotta",
        "count": 8
    },
    "group": "universal_dyeing_glazed_terracotta"
}