{
    "type": "crafting_shaped",
    "pattern": [
        "###",
        "#O#",
        "###"
    ],
    "key": {
        "#": [
            {
                "item": "red_terracotta"
            },
            {
                "item": "orange_terracotta"
            },
            {
                "item": "yellow_terracotta"
            },
            {
                "item": "lime_terracotta"
            },
            {
                "item": "green_terracotta"
            },
            {
                "item": "cyan_terracotta"
            },
            {
                "item": "light_blue_terracotta"
            },
            {
                "item": "blue_terracotta"
            },
            {
                "item": "purple_terracotta"
            },
            {
                "item": "magenta_terracotta"
            },
            {
                "item": "pink_terracotta"
            },
            {
                "item": "brown_terracotta"
            },
            {
                "item": "black_terracotta"
            },
            {
                "item": "gray_terracotta"
            },
            {
                "item": "light_gray_terracotta"
            },
            {
                "item": "white_terracotta"
            },
            {
                "item": "terracotta"
            }
        ],
        "O": {
            "tag": "universal_dyeing:dyes/cyan_dye"
        }
    },
    "result": {
        "id": "cyan_terracotta",
        "count": 8
    },
    "group": "universal_dyeing_terracotta"
}