{
    "type": "crafting_shaped",
    "pattern": [
        "###",
        "#O#",
        "###"
    ],
    "key": {
        "#": [
            {
                "item": "red_wool"
            },
            {
                "item": "orange_wool"
            },
            {
                "item": "yellow_wool"
            },
            {
                "item": "lime_wool"
            },
            {
                "item": "green_wool"
            },
            {
                "item": "cyan_wool"
            },
            {
                "item": "light_blue_wool"
            },
            {
                "item": "blue_wool"
            },
            {
                "item": "purple_wool"
            },
            {
                "item": "magenta_wool"
            },
            {
                "item": "pink_wool"
            },
            {
                "item": "brown_wool"
            },
            {
                "item": "black_wool"
            },
            {
                "item": "gray_wool"
            },
            {
                "item": "light_gray_wool"
            },
            {
                "item": "white_wool"
            }
        ],
        "O": {
            "tag": "universal_dyeing:dyes/green_dye"
        }
    },
    "result": {
        "id": "green_wool",
        "count": 8
    },
    "group": "universal_dyeing_wool"
}