{
    "type": "crafting_shaped",
    "pattern": [
        "###",
        "#O#",
        "###"
    ],
    "key": {
        "#": [
            {
                "item": "red_stained_glass_pane"
            },
            {
                "item": "orange_stained_glass_pane"
            },
            {
                "item": "yellow_stained_glass_pane"
            },
            {
                "item": "lime_stained_glass_pane"
            },
            {
                "item": "green_stained_glass_pane"
            },
            {
                "item": "cyan_stained_glass_pane"
            },
            {
                "item": "light_blue_stained_glass_pane"
            },
            {
                "item": "blue_stained_glass_pane"
            },
            {
                "item": "purple_stained_glass_pane"
            },
            {
                "item": "magenta_stained_glass_pane"
            },
            {
                "item": "pink_stained_glass_pane"
            },
            {
                "item": "brown_stained_glass_pane"
            },
            {
                "item": "black_stained_glass_pane"
            },
            {
                "item": "gray_stained_glass_pane"
            },
            {
                "item": "light_gray_stained_glass_pane"
            },
            {
                "item": "white_stained_glass_pane"
            },
            {
                "item": "glass_pane"
            }
        ],
        "O": {
            "tag": "universal_dyeing:dyes/light_gray_dye"
        }
    },
    "result": {
        "id": "light_gray_stained_glass_pane",
        "count": 8
    },
    "group": "universal_dyeing_stained_glass_pane"
}