{
    "type": "crafting_shaped",
    "pattern": [
        "###",
        "#O#",
        "###"
    ],
    "key": {
        "#": [
            {
                "item": "red_candle"
            },
            {
                "item": "orange_candle"
            },
            {
                "item": "yellow_candle"
            },
            {
                "item": "lime_candle"
            },
            {
                "item": "green_candle"
            },
            {
                "item": "cyan_candle"
            },
            {
                "item": "light_blue_candle"
            },
            {
                "item": "blue_candle"
            },
            {
                "item": "purple_candle"
            },
            {
                "item": "magenta_candle"
            },
            {
                "item": "pink_candle"
            },
            {
                "item": "brown_candle"
            },
            {
                "item": "black_candle"
            },
            {
                "item": "gray_candle"
            },
            {
                "item": "light_gray_candle"
            },
            {
                "item": "white_candle"
            },
            {
                "item": "candle"
            }
        ],
        "O": {
            "tag": "universal_dyeing:dyes/white_dye"
        }
    },
    "result": {
        "id": "white_candle",
        "count": 8
    },
    "group": "universal_dyeing_candle"
}