{
    "parent": "minecraft:recipes/root",
    "criteria": {
        "has_chest_boat": {
            "trigger": "minecraft:inventory_changed",
            "conditions": {
                "items": [
                    {
                        "item": "minecraft:bamboo_chest_raft"
                    }
                ]
            }
        },
        "has_the_recipe": {
            "trigger": "minecraft:recipe_unlocked",
            "conditions": {
                "recipe": "reverse_crafting:chest_boats/bamboo_planks"
            }
        }
    },
    "requirements": [
        [
            "has_chest_boat",
            "has_the_recipe"
        ]
    ],
    "rewards": {
        "recipes": [
            "reverse_crafting:chest_boats/bamboo_planks"
        ]
    }
}