{
    "result": {
        "id": "minecraft:smooth_red_sandstone",
        "count": 8
    },
    "type": "crafting_shapeless",
    "ingredients": [
        "minecraft:smooth_sandstone",
        "minecraft:smooth_sandstone",
        "minecraft:smooth_sandstone",
        "minecraft:smooth_sandstone",
        "minecraft:smooth_sandstone",
        "minecraft:smooth_sandstone",
        "minecraft:smooth_sandstone",
        "minecraft:smooth_sandstone",
        "minecraft:red_dye"
    ],
    "group": "sandstone_dyeing"
}