{
    "parent": "minecraft:recipes/root",
    "criteria": {
        "has_diamond": {
            "trigger": "minecraft:inventory_changed",
            "conditions": {
                "items": [
                    {
                        "item": "minecraft:diamond"
                    }
                ]
            }
        },
        "has_prismarine_crystals": {
            "trigger": "minecraft:inventory_changed",
            "conditions": {
                "items": [
                    {
                        "item": "minecraft:prismarine_crystals"
                    }
                ]
            }
        },
        "has_prismarine_shard": {
            "trigger": "minecraft:inventory_changed",
            "conditions": {
                "items": [
                    {
                        "item": "minecraft:prismarine_shard"
                    }
                ]
            }
        }
    },
    "requirements": [
        [
            "has_diamond",
            "has_prismarine_crystals",
            "has_prismarine_shard"
        ]
    ],
    "rewards": {
        "recipes": [
            "rare_craftables:heart_of_the_sea/heart_of_the_sea"
        ]
    }
}