{
    "type": "crafting_shaped",
    "pattern": [
        "###",
        "#O#",
        "###"
    ],
    "key": {
        "#": [
            "minecraft:red_glazed_terracotta",
            "minecraft:orange_glazed_terracotta",
            "minecraft:yellow_glazed_terracotta",
            "minecraft:lime_glazed_terracotta",
            "minecraft:green_glazed_terracotta",
            "minecraft:cyan_glazed_terracotta",
            "minecraft:light_blue_glazed_terracotta",
            "minecraft:blue_glazed_terracotta",
            "minecraft:purple_glazed_terracotta",
            "minecraft:magenta_glazed_terracotta",
            "minecraft:pink_glazed_terracotta",
            "minecraft:brown_glazed_terracotta",
            "minecraft:black_glazed_terracotta",
            "minecraft:gray_glazed_terracotta",
            "minecraft:light_gray_glazed_terracotta",
            "minecraft:white_glazed_terracotta"
        ],
        "O": "#universal_dyeing:dyes/blue_dye"
    },
    "result": {
        "id": "minecraft:blue_glazed_terracotta",
        "count": 8
    },
    "group": "universal_dyeing_glazed_terracotta"
}