{
    "type": "crafting_shaped",
    "pattern": [
        "###",
        "#O#",
        "###"
    ],
    "key": {
        "#": [
            "minecraft:red_concrete",
            "minecraft:orange_concrete",
            "minecraft:yellow_concrete",
            "minecraft:lime_concrete",
            "minecraft:green_concrete",
            "minecraft:cyan_concrete",
            "minecraft:light_blue_concrete",
            "minecraft:blue_concrete",
            "minecraft:purple_concrete",
            "minecraft:magenta_concrete",
            "minecraft:pink_concrete",
            "minecraft:brown_concrete",
            "minecraft:black_concrete",
            "minecraft:gray_concrete",
            "minecraft:light_gray_concrete",
            "minecraft:white_concrete"
        ],
        "O": "#universal_dyeing:dyes/brown_dye"
    },
    "result": {
        "id": "minecraft:brown_concrete",
        "count": 8
    },
    "group": "universal_dyeing_concrete"
}