{
    "type": "crafting_shaped",
    "pattern": [
        "###",
        "#O#",
        "###"
    ],
    "key": {
        "#": [
            "minecraft:red_concrete_powder",
            "minecraft:orange_concrete_powder",
            "minecraft:yellow_concrete_powder",
            "minecraft:lime_concrete_powder",
            "minecraft:green_concrete_powder",
            "minecraft:cyan_concrete_powder",
            "minecraft:light_blue_concrete_powder",
            "minecraft:blue_concrete_powder",
            "minecraft:purple_concrete_powder",
            "minecraft:magenta_concrete_powder",
            "minecraft:pink_concrete_powder",
            "minecraft:brown_concrete_powder",
            "minecraft:black_concrete_powder",
            "minecraft:gray_concrete_powder",
            "minecraft:light_gray_concrete_powder",
            "minecraft:white_concrete_powder"
        ],
        "O": "#universal_dyeing:dyes/gray_dye"
    },
    "result": {
        "id": "minecraft:gray_concrete_powder",
        "count": 8
    },
    "group": "universal_dyeing_concrete_powder"
}