{
    "type": "crafting_shaped",
    "pattern": [
        "###",
        "#O#",
        "###"
    ],
    "key": {
        "#": [
            "minecraft:red_stained_glass_pane",
            "minecraft:orange_stained_glass_pane",
            "minecraft:yellow_stained_glass_pane",
            "minecraft:lime_stained_glass_pane",
            "minecraft:green_stained_glass_pane",
            "minecraft:cyan_stained_glass_pane",
            "minecraft:light_blue_stained_glass_pane",
            "minecraft:blue_stained_glass_pane",
            "minecraft:purple_stained_glass_pane",
            "minecraft:magenta_stained_glass_pane",
            "minecraft:pink_stained_glass_pane",
            "minecraft:brown_stained_glass_pane",
            "minecraft:black_stained_glass_pane",
            "minecraft:gray_stained_glass_pane",
            "minecraft:light_gray_stained_glass_pane",
            "minecraft:white_stained_glass_pane",
            "minecraft:glass_pane"
        ],
        "O": "#universal_dyeing:dyes/green_dye"
    },
    "result": {
        "id": "minecraft:green_stained_glass_pane",
        "count": 8
    },
    "group": "universal_dyeing_stained_glass_pane"
}