{
    "type": "crafting_shaped",
    "pattern": [
        "###",
        "#O#",
        "###"
    ],
    "key": {
        "#": [
            "minecraft:red_candle",
            "minecraft:orange_candle",
            "minecraft:yellow_candle",
            "minecraft:lime_candle",
            "minecraft:green_candle",
            "minecraft:cyan_candle",
            "minecraft:light_blue_candle",
            "minecraft:blue_candle",
            "minecraft:purple_candle",
            "minecraft:magenta_candle",
            "minecraft:pink_candle",
            "minecraft:brown_candle",
            "minecraft:black_candle",
            "minecraft:gray_candle",
            "minecraft:light_gray_candle",
            "minecraft:white_candle",
            "minecraft:candle"
        ],
        "O": "#universal_dyeing:dyes/green_dye"
    },
    "result": {
        "id": "minecraft:green_candle",
        "count": 8
    },
    "group": "universal_dyeing_candle"
}