{
    "type": "crafting_shaped",
    "pattern": [
        "###",
        "#O#",
        "###"
    ],
    "key": {
        "#": [
            "minecraft:red_terracotta",
            "minecraft:orange_terracotta",
            "minecraft:yellow_terracotta",
            "minecraft:lime_terracotta",
            "minecraft:green_terracotta",
            "minecraft:cyan_terracotta",
            "minecraft:light_blue_terracotta",
            "minecraft:blue_terracotta",
            "minecraft:purple_terracotta",
            "minecraft:magenta_terracotta",
            "minecraft:pink_terracotta",
            "minecraft:brown_terracotta",
            "minecraft:black_terracotta",
            "minecraft:gray_terracotta",
            "minecraft:light_gray_terracotta",
            "minecraft:white_terracotta",
            "minecraft:terracotta"
        ],
        "O": "#universal_dyeing:dyes/light_blue_dye"
    },
    "result": {
        "id": "minecraft:light_blue_terracotta",
        "count": 8
    },
    "group": "universal_dyeing_terracotta"
}