{
    "type": "crafting_shaped",
    "pattern": [
        "###",
        "#O#",
        "###"
    ],
    "key": {
        "#": [
            "minecraft:red_wool",
            "minecraft:orange_wool",
            "minecraft:yellow_wool",
            "minecraft:lime_wool",
            "minecraft:green_wool",
            "minecraft:cyan_wool",
            "minecraft:light_blue_wool",
            "minecraft:blue_wool",
            "minecraft:purple_wool",
            "minecraft:magenta_wool",
            "minecraft:pink_wool",
            "minecraft:brown_wool",
            "minecraft:black_wool",
            "minecraft:gray_wool",
            "minecraft:light_gray_wool",
            "minecraft:white_wool"
        ],
        "O": "#universal_dyeing:dyes/orange_dye"
    },
    "result": {
        "id": "minecraft:orange_wool",
        "count": 8
    },
    "group": "universal_dyeing_wool"
}