{
    "type": "crafting_shaped",
    "pattern": [
        "###",
        "#O#",
        "###"
    ],
    "key": {
        "#": [
                {"item": "minecraft:white_stained_glass"},
                {"item": "minecraft:orange_stained_glass"},
                {"item": "minecraft:magenta_stained_glass"},
                {"item": "minecraft:light_blue_stained_glass"},
                {"item": "minecraft:yellow_stained_glass"},
                {"item": "minecraft:lime_stained_glass"},
                {"item": "minecraft:pink_stained_glass"},
                {"item": "minecraft:gray_stained_glass"},
                {"item": "minecraft:light_gray_stained_glass"},
                {"item": "minecraft:cyan_stained_glass"},
                {"item": "minecraft:purple_stained_glass"},
                {"item": "minecraft:blue_stained_glass"},
                {"item": "minecraft:brown_stained_glass"},
                {"item": "minecraft:green_stained_glass"},
                {"item": "minecraft:red_stained_glass"},
                {"item": "minecraft:black_stained_glass"}
            ],
        "O": {
            "item": "minecraft:gray_dye"
        }
    },
    "result": {
        "item": "minecraft:gray_stained_glass",
        "count": 8
    },
    "group": "universal_dyeing_stained_glass"
}