{
    "type": "crafting_shaped",
    "pattern": [
        "###",
        "#O#",
        "###"
    ],
    "key": {
        "#": [
                {"item": "minecraft:white_concrete_powder"},
                {"item": "minecraft:orange_concrete_powder"},
                {"item": "minecraft:magenta_concrete_powder"},
                {"item": "minecraft:light_blue_concrete_powder"},
                {"item": "minecraft:yellow_concrete_powder"},
                {"item": "minecraft:lime_concrete_powder"},
                {"item": "minecraft:pink_concrete_powder"},
                {"item": "minecraft:gray_concrete_powder"},
                {"item": "minecraft:light_gray_concrete_powder"},
                {"item": "minecraft:cyan_concrete_powder"},
                {"item": "minecraft:purple_concrete_powder"},
                {"item": "minecraft:blue_concrete_powder"},
                {"item": "minecraft:brown_concrete_powder"},
                {"item": "minecraft:green_concrete_powder"},
                {"item": "minecraft:red_concrete_powder"},
                {"item": "minecraft:black_concrete_powder"}
            ],
        "O": {
            "item": "minecraft:lime_dye"
        }
    },
    "result": {
        "item": "minecraft:lime_concrete_powder",
        "count": 8
    },
    "group": "universal_dyeing_concrete_powder"
}