{
    "parent": "minecraft:recipes/root",
    "criteria": {
        "has_slab": {
            "trigger": "minecraft:inventory_changed",
            "conditions": {
                "items": [
                    {
                        "item": "minecraft:chiseled_red_sandstone"
                    }
                ]
            }
        },
        "has_the_recipe": {
            "trigger": "minecraft:recipe_unlocked",
            "conditions": {
                "recipe": "slabs_stairs_to_block:slabs/chiseled_red_sandstone"
            }
        }
    },
    "requirements": [
        [
            "has_slab",
            "has_the_recipe"
        ]
    ],
    "rewards": {
        "recipes": [
            "slabs_stairs_to_block:slabs/chiseled_red_sandstone"
        ]
    }
}