{
    "parent": "minecraft:recipes/root",
    "criteria": {
        "has_fence": {
            "trigger": "minecraft:inventory_changed",
            "conditions": {
                "items": [
                    {
                        "item": "minecraft:nether_bricks"
                    }
                ]
            }
        },
        "has_the_recipe": {
            "trigger": "minecraft:recipe_unlocked",
            "conditions": {
                "recipe": "reverse_crafting:fences/nether_bricks"
            }
        }
    },
    "requirements": [
        [
            "has_fence",
            "has_the_recipe"
        ]
    ],
    "rewards": {
        "recipes": [
            "reverse_crafting:fences/nether_bricks"
        ]
    }
}