{
    "parent": "minecraft:recipes/root",
    "criteria": {
        "has_golden_apple": {
            "trigger": "minecraft:inventory_changed",
            "conditions": {
                "items": [
                    {
                        "item": "minecraft:golden_apple"
                    }
                ]
            }
        },
        "has_totem": {
            "trigger": "minecraft:inventory_changed",
            "conditions": {
                "items": [
                    {
                        "item": "minecraft:totem_of_undying"
                    }
                ]
            }
        },
        "has_netherite_ingot": {
            "trigger": "minecraft:inventory_changed",
            "conditions": {
                "items": [
                    {
                        "item": "minecraft:netherite_ingot"
                    }
                ]
            }
        }
    },
    "requirements": [
        [
            "has_golden_apple",
            "has_totem",
            "has_netherite_ingot"
        ]
    ],
    "rewards": {
        "recipes": [
            "rare_craftables:enchanged_golden_apple/enchanged_golden_apple"
        ]
    }
}