{
    "parent": "minecraft:recipes/root",
    "criteria": {
        "has_wither_skeleton_skull": {
            "trigger": "minecraft:inventory_changed",
            "conditions": {
                "items": [
                    {
                        "item": "minecraft:wither_skeleton_skull"
                    }
                ]
            }
        },
        "has_gold_ingot": {
            "trigger": "minecraft:inventory_changed",
            "conditions": {
                "items": [
                    {
                        "item": "minecraft:gold_ingot"
                    }
                ]
            }
        },
        "has_pink_dye": {
            "trigger": "minecraft:inventory_changed",
            "conditions": {
                "items": [
                    {
                        "item": "minecraft:pink_dye"
                    }
                ]
            }
        }
    },
    "requirements": [
        [
            "has_wither_skeleton_skull",
            "has_gold_ingot",
            "has_pink_dye"
        ]
    ],
    "rewards": {
        "recipes": [
            "craftable_skulls:piglin_head"
        ]
    }
}
