{
    "parent": "minecraft:recipes/root",
    "criteria": {
        "has_amethyst_shard": {
            "trigger": "minecraft:inventory_changed",
            "conditions": {
                "items": [
                    {
                        "item": "minecraft:amethyst_shard"
                    }
                ]
            }
        },
        "has_deepslate": {
            "trigger": "minecraft:inventory_changed",
            "conditions": {
                "items": [
                    {
                        "item": "minecraft:deepslate"
                    }
                ]
            }
        },
        "has_sculk": {
            "trigger": "minecraft:inventory_changed",
            "conditions": {
                "items": [
                    {
                        "item": "minecraft:sculk"
                    }
                ]
            }
        }
    },
    "requirements": [
        [
            "has_amethyst_shard",
            "has_deepslate",
            "has_sculk"
        ]
    ],
    "rewards": {
        "recipes": [
            "rare_craftables:echo_shard/echo_shard"
        ]
    }
}