{
    "parent": "minecraft:recipes/root",
    "criteria": {
        "has_disc": {
            "trigger": "minecraft:inventory_changed",
            "conditions": {
                "items": [
                    {
                        "item": "minecraft:music_disc_otherside"
                    }
                ]
            }
        },
        "has_the_recipe": {
            "trigger": "minecraft:recipe_unlocked",
            "conditions": {
                "recipe": "rare_craftables:disc_fragment_5/disc_fragment_5"
            }
        }
    },
    "requirements": [
        [
            "has_disc",
            "has_the_recipe"
        ]
    ],
    "rewards": {
        "recipes": [
            "rare_craftables:disc_fragment_5/disc_fragment_5"
        ]
    }
}